{"_type":"export","__export_format":4,"__export_date":"2022-08-26T16:37:19.290Z","__export_source":"insomnia.desktop.app:v2022.5.0","resources":[{"_id":"req_0c1cd0475cfe4c638c8b53a75935322d","parentId":"fld_8809bdf5a4e54cc0ac2f490c373aa398","modified":1660935830477,"created":1660920736089,"url":"localhost:8080/categoria","name":"getAll","description":"","method":"GET","body":{},"parameters":[],"headers":[],"authentication":{},"metaSortKey":-1660920736089,"isPrivate":false,"settingStoreCookies":true,"settingSendCookies":true,"settingDisableRenderRequestBody":false,"settingEncodeUrl":true,"settingRebuildPath":true,"settingFollowRedirects":"global","_type":"request"},{"_id":"fld_8809bdf5a4e54cc0ac2f490c373aa398","parentId":"wrk_0fbdd3ac6f3b4962bbe491ec7f079da0","modified":1660920732399,"created":1660920732399,"name":"Categoria","description":"","environment":{},"environmentPropertyOrder":null,"metaSortKey":-1660920732399,"_type":"request_group"},{"_id":"wrk_0fbdd3ac6f3b4962bbe491ec7f079da0","parentId":null,"modified":1660920720649,"created":1660920720649,"name":"Descomplica","description":"","scope":"collection","_type":"workspace"},{"_id":"req_b630a0987b7f48908afb1fa6a09f0af5","parentId":"fld_8809bdf5a4e54cc0ac2f490c373aa398","modified":1660935846273,"created":1660935843612,"url":"localhost:8080/categoria/1","name":"getById","description":"","method":"GET","body":{},"parameters":[],"headers":[],"authentication":{},"metaSortKey":-1660193060615,"isPrivate":false,"settingStoreCookies":true,"settingSendCookies":true,"settingDisableRenderRequestBody":false,"settingEncodeUrl":true,"settingRebuildPath":true,"settingFollowRedirects":"global","_type":"request"},{"_id":"req_b9589e124aa1421d9e3f54b84cd8ec24","parentId":"fld_8809bdf5a4e54cc0ac2f490c373aa398","modified":1661531257557,"created":1660937422677,"url":"localhost:8080/categoria","name":"saveCategoria","description":"","method":"POST","body":{"mimeType":"application/json","text":"{\n\t\"categoriaNome\" : \"Esporte e Lazer\"\n}"},"parameters":[],"headers":[{"name":"Content-Type","value":"application/json","id":"pair_28b5fcd48c0940988076c1a8c2905bef"}],"authentication":{},"metaSortKey":-1659829222878,"isPrivate":false,"settingStoreCookies":true,"settingSendCookies":true,"settingDisableRenderRequestBody":false,"settingEncodeUrl":true,"settingRebuildPath":true,"settingFollowRedirects":"global","_type":"request"},{"_id":"req_0ef08b301ae540a59adc9d1617c8ee66","parentId":"fld_8809bdf5a4e54cc0ac2f490c373aa398","modified":1661531678698,"created":1661531645730,"url":"localhost:8080/categoria/34","name":"updateCategoria","description":"","method":"PUT","body":{"mimeType":"application/json","text":"{\n\t\"categoriaNome\" : \"Casa e Lazer\"\n}"},"parameters":[],"headers":[{"name":"Content-Type","value":"application/json","id":"pair_28b5fcd48c0940988076c1a8c2905bef"}],"authentication":{},"metaSortKey":-1659647304009.5,"isPrivate":false,"settingStoreCookies":true,"settingSendCookies":true,"settingDisableRenderRequestBody":false,"settingEncodeUrl":true,"settingRebuildPath":true,"settingFollowRedirects":"global","_type":"request"},{"_id":"req_b621426fa36b437faf405c9dab3d2ae3","parentId":"fld_8809bdf5a4e54cc0ac2f490c373aa398","modified":1661531698857,"created":1661531686642,"url":"localhost:8080/categoria/34","name":"deleteCategoria","description":"","method":"DELETE","body":{},"parameters":[],"headers":[],"authentication":{},"metaSortKey":-1659556344575.25,"isPrivate":false,"settingStoreCookies":true,"settingSendCookies":true,"settingDisableRenderRequestBody":false,"settingEncodeUrl":true,"settingRebuildPath":true,"settingFollowRedirects":"global","_type":"request"},{"_id":"env_70f4d48f915b0c8ad041ff1b159fec501d8d211f","parentId":"wrk_0fbdd3ac6f3b4962bbe491ec7f079da0","modified":1660920720654,"created":1660920720654,"name":"Base Environment","data":{},"dataPropertyOrder":null,"color":null,"isPrivate":false,"metaSortKey":1660920720654,"_type":"environment"},{"_id":"jar_70f4d48f915b0c8ad041ff1b159fec501d8d211f","parentId":"wrk_0fbdd3ac6f3b4962bbe491ec7f079da0","modified":1660920720657,"created":1660920720657,"name":"Default Jar","cookies":[],"_type":"cookie_jar"},{"_id":"spc_a94267a451b344a1b4d21858274b4ca9","parentId":"wrk_0fbdd3ac6f3b4962bbe491ec7f079da0","modified":1660920720650,"created":1660920720650,"fileName":"Descomplica","contents":"","contentType":"yaml","_type":"api_spec"}]}